travel_purpose,average_rating,is_incentivised,is_trivial,stayed_room_info/room_id,stayed_room_info/checkin,stayed_room_info/checkout,stayed_room_info/room_name,stayed_room_info/photo/url_640x200,stayed_room_info/photo/url_original,stayed_room_info/photo/ratio,stayed_room_info/photo/url_square60,stayed_room_info/photo/url_max300,stayed_room_info/photo/photo_id,stayed_room_info/num_nights,languagecode,hotelier_response,cons_translated,pros_translated,anonymous,title,review_rating,reviewng,hotel_id,review_hash,countrycode,is_moderated,title_translated,hotelier_name,cons,author/countrycode,author/nr_reviews,author/city,author/type_string,author/age_group,author/user_id,author/type,author/name,author/helpful_vote_count,review_id,pros,date,helpful_vote_count,Rooms,FoodBeverage,StaffService,Otherfacilities,Location,Design,PriceValueForMoney,OverallExperience,author/avatar,reviewer_photos/0/square60_ao,reviewer_photos/0/square90,reviewer_photos/0/max500_ao,reviewer_photos/0/max1280x900,reviewer_photos/1/square90,reviewer_photos/1/max500_ao,reviewer_photos/1/max1280x900,reviewer_photos/1/square60_ao,reviewer_photos/2/square60_ao,reviewer_photos/2/square90,reviewer_photos/2/max500_ao,reviewer_photos/2/max1280x900,reviewer_photos/3/max500_ao,reviewer_photos/3/max1280x900,reviewer_photos/3/square90,reviewer_photos/3/square60_ao,reviewer_photos/4/square60_ao,reviewer_photos/4/max500_ao,reviewer_photos/4/max1280x900,reviewer_photos/4/square90,reviewer_photos/5/max500_ao,reviewer_photos/5/square60_ao,reviewer_photos/5/square90,reviewer_photos/5/max1280x900
leisure,4,0,0,585323506,2023-03-02,2023-03-03,Premier Room Double,https://cf.bstatic.com/images/hotel/640x200/277/277578339.jpg,https://cf.bstatic.com/images/hotel/max500/277/277578339.jpg,1.5002143163309,https://cf.bstatic.com/images/hotel/square60/277/277578339.jpg,https://cf.bstatic.com/images/hotel/max300/277/277578339.jpg,277578339,1,en-gb,,,,,Exceptional,10,1,5853235,2cff0e9d3519a99d,ch,0,,Four Seasons Hotel Madrid,Nothing,ch,0,,Family,,113212095,family_with_children,Asaad,0,2629731593,"Thank you, Four Seasons Madrid....
It was a very short trip to watch football game,the hotel made our trip memorable in every way. 
Helpful and supportive team.
See you soon",2023-03-03 21:20:46,0,,,p,,,,,p,,,,,,,,,,,,,,,,,,,,,,,,,
leisure,4,0,0,585323503,2023-02-24,2023-02-27,Superior Courtyard Accessible Room,https://cf.bstatic.com/images/hotel/640x200/277/277577698.jpg,https://cf.bstatic.com/images/hotel/max500/277/277577698.jpg,1.49828767123288,https://cf.bstatic.com/images/hotel/square60/277/277577698.jpg,https://cf.bstatic.com/images/hotel/max300/277/277577698.jpg,277577698,3,en-us,,,,,the best in Madrid,10,1,5853235,ab1b0169eaded425,ae,0,,Four Seasons Hotel Madrid,-,ae,0,,Family,,18031242,family_with_children,Aleksandr,0,2982690395,a really good hotel,2023-02-28 08:00:00,0,,,,,,,,p,https://lh3.googleusercontent.com/-XdUIqdMkCWA/AAAAAAAAAAI/AAAAAAAAAAA/4252rscbv5M/photo.jpg?sz=5064,,,,,,,,,,,,,,,,,,,,,,,,
leisure,2.79999995231628,0,0,585323508,2023-02-19,2023-02-22,Premier Terrace Room,https://cf.bstatic.com/images/hotel/640x200/239/239994574.jpg,https://cf.bstatic.com/images/hotel/max500/239/239994574.jpg,1.5,https://cf.bstatic.com/images/hotel/square60/239/239994574.jpg,https://cf.bstatic.com/images/hotel/max300/239/239994574.jpg,239994574,3,en-us,,,,,This review is negative enough that I�m sure they�ll do that thing where they use my last name in the reply in an effort,7,1,5853235,1b921a40c3ec34ff,us,0,,Four Seasons Hotel Madrid,"The staff. Where do I start? The guy who checked me in immediately assumed that I had gone over my credit limit on my card, to my face (when I was in the middle of explaining to him that my credit card company was having persistent issues with automatically classifying transactions as fraud). Rude and embarrassing. Then the card that was in my room when I got there had the wrong name written on it. They also apparently had a glitch where the system would tell them that my room was set to �do not disturb� when I never once did this. So any time I needed something cleaned, I actually just had to ask, and to their credit, it would get done, but sometimes long after it was needed. The doormen tried to put another guest into a cab I had called for myself (which would have been an understandable mistake, had I not been standing there longer than that guy without even being approached by anyone). I know this is a new property, but in my opinion, there is no excuse for putting this many feet wrong at a rate this high.",us,0,,Solo traveller,,294160752,solo_traveller,Katherine,0,3292111545,"The bed was amazing. I liked the hot tub, even if the jet turned off after two minutes. The food was pretty good. The spa had great service.",2023-02-22 22:20:02,0,p,p,n,p,,,,n,,,,,,,,,,,,,,,,,,,,,,,,,
leisure,4,0,0,585323503,2023-02-03,2023-02-05,Superior Courtyard Accessible Room,https://cf.bstatic.com/images/hotel/640x200/277/277577698.jpg,https://cf.bstatic.com/images/hotel/max500/277/277577698.jpg,1.49828767123288,https://cf.bstatic.com/images/hotel/square60/277/277577698.jpg,https://cf.bstatic.com/images/hotel/max300/277/277577698.jpg,277577698,2,en-gb,,,,,Excellent in every way but room not as advertised.,10,1,5853235,160d1906876c0458,gb,0,,Four Seasons Hotel Madrid,The room was too small. I find it difficult to believe it was 45 m as advertised by Booking.com.,gb,0,,Couple,,176388160,couple,Robert,1,4613214018,Staff and restaurants,2023-02-06 14:08:22,1,,,,,,,,,,,,,,,,,,,,,,,,,,,,,,,,,
leisure,3.20000004768372,0,0,585323502,2023-01-01,2023-01-05,Superior Courtyard Room,https://cf.bstatic.com/images/hotel/640x200/277/277578341.jpg,https://cf.bstatic.com/images/hotel/max500/277/277578341.jpg,1.49828767123288,https://cf.bstatic.com/images/hotel/square60/277/277578341.jpg,https://cf.bstatic.com/images/hotel/max300/277/277578341.jpg,277578341,4,pt-br,,,,,"estrutura do hot�l � �tima, localiza��o, tamanho do quarto, spa, restaurantes. Tudo �timo. Apenas a vista do nosso quart",8,1,5853235,146cd5a7f231688e,br,0,,Four Seasons Hotel Madrid,n�o gostei da dist�ncia do elevador para o quarto e a vista do quarto para o p�tio interno. muito ruim pois o quarto fica escuro mesmo durante o dia e perde a privacidade.,br,0,,Couple,,83139971,couple,Luisa,1,2136561594,gostei muito da localiza��o e do caf� da manh�,2023-01-13 02:46:55,1,n,p,,p,p,p,,,,,,,,,,,,,,,,,,,,,,,,,,,
leisure,4,0,0,585323505,2023-01-04,2023-01-08,Deluxe Alcala,https://cf.bstatic.com/images/hotel/640x200/239/239995200.jpg,https://cf.bstatic.com/images/hotel/max500/239/239995200.jpg,1.72109375,https://cf.bstatic.com/images/hotel/square60/239/239995200.jpg,https://cf.bstatic.com/images/hotel/max300/239/239995200.jpg,239995200,4,tr,,,,,Harika,10,1,5853235,17a79f3e3301bc2b,tr,0,,Four Seasons Hotel Madrid,-,tr,0,,Couple,,26045353,couple,M,0,2692759395,"konum, dekorasyon, personelin profesyonelli?i,",2023-01-09 07:42:15,0,,,p,,p,p,,,,,,,,,,,,,,,,,,,,,,,,,,,
leisure,4,0,0,585323504,2022-12-04,2022-12-07,Deluxe Sevilla,https://cf.bstatic.com/images/hotel/640x200/400/400579274.jpg,https://cf.bstatic.com/images/hotel/max500/400/400579274.jpg,1.5002143163309,https://cf.bstatic.com/images/hotel/square60/400/400579274.jpg,https://cf.bstatic.com/images/hotel/max300/400/400579274.jpg,400579274,3,en-gb,,,,,amazing,10,1,5853235,b0e90f6eb068f8af,ae,0,,Four Seasons Hotel Madrid,nothing,ae,0,,Group of friends,,40312941,review_category_group_of_friends,Fahad,2,2836942569,everything,2023-01-08 16:52:04,2,,,,,,,,p,,,,,,,,,,,,,,,,,,,,,,,,,
leisure,4,0,0,585323502,2023-01-01,2023-01-02,Superior Courtyard Room,https://cf.bstatic.com/images/hotel/640x200/277/277578341.jpg,https://cf.bstatic.com/images/hotel/max500/277/277578341.jpg,1.49828767123288,https://cf.bstatic.com/images/hotel/square60/277/277578341.jpg,https://cf.bstatic.com/images/hotel/max300/277/277578341.jpg,277578341,1,es,,,,,Exceptional,10,1,5853235,20384a6271bc2a5d,pe,0,,Four Seasons Hotel Madrid,Nada,pe,0,,Family,,121806625,family_with_children,Diego,0,2298923404,La amabilidad de las personas,2023-01-02 21:26:22,0,,,p,,,,,,https://lh5.googleusercontent.com/-JCLF2bJMud0/AAAAAAAAAAI/AAAAAAAAAU4/UuLi2xQN328/s96-c/photo.jpg64,,,,,,,,,,,,,,,,,,,,,,,,
leisure,4,0,0,585323503,2022-12-30,2023-01-01,Superior Courtyard Accessible Room,https://cf.bstatic.com/images/hotel/640x200/277/277577698.jpg,https://cf.bstatic.com/images/hotel/max500/277/277577698.jpg,1.49828767123288,https://cf.bstatic.com/images/hotel/square60/277/277577698.jpg,https://cf.bstatic.com/images/hotel/max300/277/277577698.jpg,277577698,2,en-gb,,,,,An incredible stay at the heart of Madrid,10,1,5853235,78c5de9044633a5c,fi,0,,Four Seasons Hotel Madrid,"There was one dinner that was not very successful but the manager of the service made everything to compensate for that experience so we were fine in the end. In the spa, I would also welcome a sign at the spa pool to remind guests to shower before entering the pool. For hygienic reasons (and with increasing covid infection rates again), this would seem the normal thing to do. Surprisingly, all guests we saw jumped directly into the pool without showering. Hence, I would recommend the hotel to make efforts to remind people of this.  I gave the feedback already to the spa staff aswell.",fi,0,,Family,,100887796,family_with_children,Christel,0,4610265987,"This is an exceptional hotel. We loved the location, the room, the spa, the overall ambience and the service. The staff really made an effort to listen to our requests and make us feel comfortable and enjoy the stay. Special thanks to the guest experience team for making my child so happy with the little gifts they had arranged based on my request. We will surely return.",2023-01-02 15:15:00,0,p,n,p,p,p,p,,p,https://graph.facebook.com/v2.9/10207999517407111/picture?type=square&height=64&width=64,,,,,,,,,,,,,,,,,,,,,,,,
leisure,4,0,0,585323503,2022-12-20,2022-12-22,Superior Courtyard Accessible Room,https://cf.bstatic.com/images/hotel/640x200/277/277577698.jpg,https://cf.bstatic.com/images/hotel/max500/277/277577698.jpg,1.49828767123288,https://cf.bstatic.com/images/hotel/square60/277/277577698.jpg,https://cf.bstatic.com/images/hotel/max300/277/277577698.jpg,277577698,2,ru,,,,,Exceptional,10,1,5853235,5610dfb4010d75b4,hu,0,,Four Seasons Hotel Madrid,??????????? ????????? ???,hu,0,,Family,,381812668,family_with_children,Anna,0,3452725798,???????????? ? ?????? ?? ?????? ??????! ???????????? ????????? ? ????????? ? ????? ?????? ????????????,2022-12-26 16:02:52,0,,,p,p,,p,,,,https://cf.bstatic.com/xdata/images/xphoto/square60_ao/187269612.jpg?k=2ff30116ca0967862c991e5e18b79f35e9cf1a4adf928ec623db55537edb9505&o=,https://cf.bstatic.com/xdata/images/xphoto/square90/187269612.jpg?k=2ff30116ca0967862c991e5e18b79f35e9cf1a4adf928ec623db55537edb9505&o=,https://cf.bstatic.com/xdata/images/xphoto/max500_ao/187269612.jpg?k=2ff30116ca0967862c991e5e18b79f35e9cf1a4adf928ec623db55537edb9505&o=,https://cf.bstatic.com/xdata/images/xphoto/max1280x900/187269612.jpg?k=2ff30116ca0967862c991e5e18b79f35e9cf1a4adf928ec623db55537edb9505&o=,https://cf.bstatic.com/xdata/images/xphoto/square90/187269615.jpg?k=86be1758af4cc77ab587127af959e82a471871425e39aa73200a403be0a3f2d5&o=,https://cf.bstatic.com/xdata/images/xphoto/max500_ao/187269615.jpg?k=86be1758af4cc77ab587127af959e82a471871425e39aa73200a403be0a3f2d5&o=,https://cf.bstatic.com/xdata/images/xphoto/max1280x900/187269615.jpg?k=86be1758af4cc77ab587127af959e82a471871425e39aa73200a403be0a3f2d5&o=,https://cf.bstatic.com/xdata/images/xphoto/square60_ao/187269615.jpg?k=86be1758af4cc77ab587127af959e82a471871425e39aa73200a403be0a3f2d5&o=,https://cf.bstatic.com/xdata/images/xphoto/square60_ao/187269618.jpg?k=80dd6a4f7fa4dc4de67cd6e7ec27455a3447854973043bcb38d4f71382a0a88b&o=,https://cf.bstatic.com/xdata/images/xphoto/square90/187269618.jpg?k=80dd6a4f7fa4dc4de67cd6e7ec27455a3447854973043bcb38d4f71382a0a88b&o=,https://cf.bstatic.com/xdata/images/xphoto/max500_ao/187269618.jpg?k=80dd6a4f7fa4dc4de67cd6e7ec27455a3447854973043bcb38d4f71382a0a88b&o=,https://cf.bstatic.com/xdata/images/xphoto/max1280x900/187269618.jpg?k=80dd6a4f7fa4dc4de67cd6e7ec27455a3447854973043bcb38d4f71382a0a88b&o=,,,,,,,,,,,,
leisure,4,0,0,585323501,2022-11-17,2022-11-21,Superior Courtyard  Double Room,https://cf.bstatic.com/images/hotel/640x200/400/400579267.jpg,https://cf.bstatic.com/images/hotel/max500/400/400579267.jpg,1.5002143163309,https://cf.bstatic.com/images/hotel/square60/400/400579267.jpg,https://cf.bstatic.com/images/hotel/max300/400/400579267.jpg,400579267,4,en-us,,,,,I had a wonderful time and experience in the hotel.,10,1,5853235,874b928611e12545,us,0,,Four Seasons Hotel Madrid,nothing,us,0,,Group of friends,,479549026,review_category_group_of_friends,Derrough-salas,0,3090630604,"I loved everything about the property decor, location very welcoming and excellent service.",2022-12-20 14:21:28,0,,,p,,p,p,,p,https://lh3.googleusercontent.com/a-/AOh14GioX2sHxFzDJR-VypCLlKnIM1u1WaeB7rRtXt21=s96-c64,,,,,,,,,,,,,,,,,,,,,,,,
leisure,4,0,0,585323502,2022-12-16,2022-12-18,Superior Courtyard Room,https://cf.bstatic.com/images/hotel/640x200/277/277578341.jpg,https://cf.bstatic.com/images/hotel/max500/277/277578341.jpg,1.49828767123288,https://cf.bstatic.com/images/hotel/square60/277/277578341.jpg,https://cf.bstatic.com/images/hotel/max300/277/277578341.jpg,277578341,2,en-gb,,,,,Exceptional,10,1,5853235,70c33a9efaf6d77c,ch,0,,Four Seasons Hotel Madrid,Hard to say it was perfect,ch,0,,Family,,67917890,family_with_children,Jonathan,0,4609140590,Best hotel in Madrid,2022-12-18 21:02:39,0,,,,,,,,p,https://cf.bstatic.com/xdata/images/xphoto/square64/144839357.jpg?k=d113e2f6959d3fbfcc38202adaf9b45d8a978ceb1b438dbd1e1f7ca9ce6c263a&o=?t=1643063381,,,,,,,,,,,,,,,,,,,,,,,,
business,4,0,0,585323507,2022-08-21,2022-08-23,Premier King,https://cf.bstatic.com/images/hotel/640x200/277/277578400.jpg,https://cf.bstatic.com/images/hotel/max500/277/277578400.jpg,1.49828767123288,https://cf.bstatic.com/images/hotel/square60/277/277578400.jpg,https://cf.bstatic.com/images/hotel/max300/277/277578400.jpg,277578400,2,en-us,,,,,best hotel in Spain,10,1,5853235,f9c3d05f73e1c9eb,ae,0,,Four Seasons Hotel Madrid,nothing,ae,0,,Solo traveller,,7708031,solo_traveller,Sarah,0,3579501530,exceptional hotel. everything was impeccable,2022-11-06 14:59:29,0,,,,,,,,p,https://cf.bstatic.com/xdata/images/xphoto/square64/15652533.jpg?k=9ce1e5b9278bc37c0baf67d35ad952bfa4212ca7c642a9384929da69f81334aa&o=?t=1488644595,,,,,,,,,,,,,,,,,,,,,,,,
leisure,2,0,0,585323508,2022-10-25,2022-10-27,Premier Terrace Room,https://cf.bstatic.com/images/hotel/640x200/239/239994574.jpg,https://cf.bstatic.com/images/hotel/max500/239/239994574.jpg,1.5,https://cf.bstatic.com/images/hotel/square60/239/239994574.jpg,https://cf.bstatic.com/images/hotel/max300/239/239994574.jpg,239994574,2,en-us,,,,,Passable,5,1,5853235,d6fe6843f82fb75a,qa,0,,Four Seasons Hotel Madrid,"I didn't receive the four seasons expectations, not in the room nor out of it.
Amenities were not in the toilet.",qa,0,,Family,,334387637,family_with_children,Mohamed,0,3403584394,"Location is great and the facility is fantastic.
Service was fast.",2022-10-28 00:45:50,0,n,,p,p,p,,,n,https://lh6.googleusercontent.com/-t8s4FFZX1OU/AAAAAAAAAAI/AAAAAAAAP_k/F2GBK9V8LMs/photo.jpg64,,,,,,,,,,,,,,,,,,,,,,,,
leisure,3.20000004768372,0,0,585323508,2022-10-23,2022-10-26,Premier Terrace Room,https://cf.bstatic.com/images/hotel/640x200/239/239994574.jpg,https://cf.bstatic.com/images/hotel/max500/239/239994574.jpg,1.5,https://cf.bstatic.com/images/hotel/square60/239/239994574.jpg,https://cf.bstatic.com/images/hotel/max300/239/239994574.jpg,239994574,3,sv,,,,,Very good,8,1,5853235,853129fcfd6a07af,se,0,,Four Seasons Hotel Madrid,kr�ngligt elektronik i rummet,se,0,,Couple,,100532247,couple,Pierpaolo,0,2348453830,en fimp p� balkongen,2022-10-27 06:47:32,0,n,,,,,,,,,,,,,,,,,,,,,,,,,,,,,,,,
leisure,4,0,0,585323501,2022-10-15,2022-10-16,Superior Courtyard  Double Room,https://cf.bstatic.com/images/hotel/640x200/400/400579267.jpg,https://cf.bstatic.com/images/hotel/max500/400/400579267.jpg,1.5002143163309,https://cf.bstatic.com/images/hotel/square60/400/400579267.jpg,https://cf.bstatic.com/images/hotel/max300/400/400579267.jpg,400579267,1,en-gb,,,,,Exceptional,10,1,5853235,2cc057c12f12a1df,kw,0,,Four Seasons Hotel Madrid,Every things more than perfect,kw,0,,Group of friends,,6438716,review_category_group_of_friends,Sahar,0,4603197479,"Prime location 
Perfect service 
Lovely food",2022-10-16 21:14:04,0,,p,p,,p,,,,https://lh3.googleusercontent.com/a/AATXAJxLBWWhXnVv7l0ny4cZ1NX8qfnpQwrV0Gq79nX-=s96-c64,,,,,,,,,,,,,,,,,,,,,,,,
leisure,3.59999990463257,0,0,585323501,2022-08-20,2022-08-22,Superior Courtyard  Double Room,https://cf.bstatic.com/images/hotel/640x200/400/400579267.jpg,https://cf.bstatic.com/images/hotel/max500/400/400579267.jpg,1.5002143163309,https://cf.bstatic.com/images/hotel/square60/400/400579267.jpg,https://cf.bstatic.com/images/hotel/max300/400/400579267.jpg,400579267,2,en-us,,,,,Fabulous,9,1,5853235,5b5fc226e2800a70,kw,0,,Four Seasons Hotel Madrid,Nothing.,kw,0,,Group of friends,,6490804,review_category_group_of_friends,Muaz,2,4598034356,"The lobby of the hotel is spacious, and the room was clean and new. The concierge staff were very helpful. The location of the hotel was good, walking distance to many places. And they offer a free transportation service within 2-3 Kilo Meters radius around the hotel.",2022-09-06 00:32:09,2,p,,p,p,p,,,,,,,,,,,,,,,,,,,,,,,,,,,,
leisure,4,0,0,585323502,2022-08-15,2022-08-28,Superior Courtyard Room,https://cf.bstatic.com/images/hotel/640x200/277/277578341.jpg,https://cf.bstatic.com/images/hotel/max500/277/277578341.jpg,1.49828767123288,https://cf.bstatic.com/images/hotel/square60/277/277578341.jpg,https://cf.bstatic.com/images/hotel/max300/277/277578341.jpg,277578341,13,en-us,,,,,I ll definately come back,10,1,5853235,a2b3a0ecfd656fdd,eg,0,,Four Seasons Hotel Madrid,Nothing at all,eg,0,,Group of friends,,27193956,review_category_group_of_friends,Marwa,0,2482344137,Every single thing,2022-08-29 07:20:25,0,,,,,,,,p,,,,,,,,,,,,,,,,,,,,,,,,,
leisure,3.20000004768372,0,0,585323502,2022-08-18,2022-08-20,Superior Courtyard Room,https://cf.bstatic.com/images/hotel/640x200/277/277578341.jpg,https://cf.bstatic.com/images/hotel/max500/277/277578341.jpg,1.49828767123288,https://cf.bstatic.com/images/hotel/square60/277/277578341.jpg,https://cf.bstatic.com/images/hotel/max300/277/277578341.jpg,277578341,2,en-us,,,,,It was a wonderful stay except what the did during the checkout,8,1,5853235,634189c1b0e6484f,sa,0,,Four Seasons Hotel Madrid,the charged me twice for something I have used from the mini bar .. which is something wierd from such a hotel like a Four seasons,sa,0,,Couple,,3403888,couple,Khalid,0,3296339586,"I�m a frequent vister to the Four seasons hotel 
but I really like this one due to their new design 
and taking care for all the details",2022-08-22 22:47:31,0,,,n,,,p,,,,,,,,,,,,,,,,,,,,,,,,,,,
leisure,4,0,0,585323502,2022-08-02,2022-08-03,Superior Courtyard Room,https://cf.bstatic.com/images/hotel/640x200/277/277578341.jpg,https://cf.bstatic.com/images/hotel/max500/277/277578341.jpg,1.49828767123288,https://cf.bstatic.com/images/hotel/square60/277/277578341.jpg,https://cf.bstatic.com/images/hotel/max300/277/277578341.jpg,277578341,1,de,,,,,Perfekt,10,1,5853235,db94c0c55456341b,de,0,,Four Seasons Hotel Madrid,nichts,de,0,,Solo traveller,,4598998,solo_traveller,Hinnerk,0,3306423464,Alles perfekt. Wohlf�hlen von der ersten bis zur letzten Minute,2022-08-03 23:26:23,0,,,,,,,,p,,,,,,,,,,,,,,,,,,,,,,,,,
leisure,4,0,0,585323507,2022-07-22,2022-07-24,Premier King,https://cf.bstatic.com/images/hotel/640x200/277/277578400.jpg,https://cf.bstatic.com/images/hotel/max500/277/277578400.jpg,1.49828767123288,https://cf.bstatic.com/images/hotel/square60/277/277578400.jpg,https://cf.bstatic.com/images/hotel/max300/277/277578400.jpg,277578400,2,pt-br,,,,,vale casa centavo,10,1,5853235,54735f73dc1923e6,br,0,,Four Seasons Hotel Madrid,nada a reclamar,br,0,,Family,,94400129,family_with_children,C,0,3692749884,"sem palavras. atendimento, limpeza, qualidade �mpar!",2022-07-24 21:36:36,0,,,p,,,,,p,https://graph.facebook.com/v2.9/10153257054695749/picture?type=square&height=64&width=64,,,,,,,,,,,,,,,,,,,,,,,,
leisure,3.20000004768372,0,0,585323502,2022-06-29,2022-07-02,Superior Courtyard Room,https://cf.bstatic.com/images/hotel/640x200/277/277578341.jpg,https://cf.bstatic.com/images/hotel/max500/277/277578341.jpg,1.49828767123288,https://cf.bstatic.com/images/hotel/square60/277/277578341.jpg,https://cf.bstatic.com/images/hotel/max300/277/277578341.jpg,277578341,3,en-us,,,,,"beautiful hotel, service lacking",10,1,5853235,334657f2b7fabf0c,us,0,,Four Seasons Hotel Madrid,"the level of customer service was subpar for a four seasons hotel. no one escorted us to our room to show us around when we arrived. it just seemed like there was a staff shortage or something at certain points during our stay. communication was a little sloppy at times. I much prefer the four seasons Florence, who has the most impeccable service. also the room got very hot at night and there was no way to get it any cooler. abs our room was so far away from the elevator. it was like walking through a maze to get there",us,0,,Couple,,262191211,couple,Jane,2,2722753113,beautiful new building,2022-07-02 21:39:36,2,n,,n,,,p,,,https://cf.bstatic.com/xdata/images/xphoto/square64/78425961.jpg?k=5a9614f8dc8a32712189399daa0cb79849a2d7198d42ac39909f87fdb01f623c&o=?t=1569213518,,,,,,,,,,,,,,,,,,,,,,,,
leisure,4,0,0,585323502,2022-05-30,2022-06-03,Superior Courtyard Room,https://cf.bstatic.com/images/hotel/640x200/277/277578341.jpg,https://cf.bstatic.com/images/hotel/max500/277/277578341.jpg,1.49828767123288,https://cf.bstatic.com/images/hotel/square60/277/277578341.jpg,https://cf.bstatic.com/images/hotel/max300/277/277578341.jpg,277578341,4,en-us,,,,,excellent hotel,10,1,5853235,95201ca84fbf360b,us,0,,Four Seasons Hotel Madrid,none,us,0,,Couple,,48046601,couple,Lilia,0,3631573401,everything location staff friendliness it was superb,2022-06-08 03:15:49,0,,,p,,p,,,p,,,,,,,,,,,,,,,,,,,,,,,,,
leisure,4,0,0,585323504,2022-05-30,2022-06-01,Deluxe Sevilla,https://cf.bstatic.com/images/hotel/640x200/400/400579274.jpg,https://cf.bstatic.com/images/hotel/max500/400/400579274.jpg,1.5002143163309,https://cf.bstatic.com/images/hotel/square60/400/400579274.jpg,https://cf.bstatic.com/images/hotel/max300/400/400579274.jpg,400579274,2,en-us,,,,,Exceptional,10,1,5853235,d61861dd7e64066b,ae,0,,Four Seasons Hotel Madrid,"it was to much expensive 
only room not suite , the price was too high and without breakfast",ae,0,,Couple,,187727036,couple,Hend,0,3830201935,amazing hotel,2022-06-06 18:20:13,0,,,,,,,n,p,,https://cf.bstatic.com/xdata/images/xphoto/square60_ao/157595461.jpg?k=db127e65f76ff6c2c1f55256fe6f7c916adfa6968700b265e5a515ac7ba0a262&o=,https://cf.bstatic.com/xdata/images/xphoto/square90/157595461.jpg?k=db127e65f76ff6c2c1f55256fe6f7c916adfa6968700b265e5a515ac7ba0a262&o=,https://cf.bstatic.com/xdata/images/xphoto/max500_ao/157595461.jpg?k=db127e65f76ff6c2c1f55256fe6f7c916adfa6968700b265e5a515ac7ba0a262&o=,https://cf.bstatic.com/xdata/images/xphoto/max1280x900/157595461.jpg?k=db127e65f76ff6c2c1f55256fe6f7c916adfa6968700b265e5a515ac7ba0a262&o=,https://cf.bstatic.com/xdata/images/xphoto/square90/157595462.jpg?k=fb4c5c153447c66b731d394eeee2f28462a19bcdc71059b63c5113727b6f142d&o=,https://cf.bstatic.com/xdata/images/xphoto/max500_ao/157595462.jpg?k=fb4c5c153447c66b731d394eeee2f28462a19bcdc71059b63c5113727b6f142d&o=,https://cf.bstatic.com/xdata/images/xphoto/max1280x900/157595462.jpg?k=fb4c5c153447c66b731d394eeee2f28462a19bcdc71059b63c5113727b6f142d&o=,https://cf.bstatic.com/xdata/images/xphoto/square60_ao/157595462.jpg?k=fb4c5c153447c66b731d394eeee2f28462a19bcdc71059b63c5113727b6f142d&o=,https://cf.bstatic.com/xdata/images/xphoto/square60_ao/157595463.jpg?k=f51ce32ebf940ac29bd4a5f6b8ed25bfd7b5320e1a38fd835c5c1cc9e5d6acf6&o=,https://cf.bstatic.com/xdata/images/xphoto/square90/157595463.jpg?k=f51ce32ebf940ac29bd4a5f6b8ed25bfd7b5320e1a38fd835c5c1cc9e5d6acf6&o=,https://cf.bstatic.com/xdata/images/xphoto/max500_ao/157595463.jpg?k=f51ce32ebf940ac29bd4a5f6b8ed25bfd7b5320e1a38fd835c5c1cc9e5d6acf6&o=,https://cf.bstatic.com/xdata/images/xphoto/max1280x900/157595463.jpg?k=f51ce32ebf940ac29bd4a5f6b8ed25bfd7b5320e1a38fd835c5c1cc9e5d6acf6&o=,,,,,,,,,,,,
leisure,4,0,0,585323502,2022-05-25,2022-05-30,Superior Courtyard Room,https://cf.bstatic.com/images/hotel/640x200/277/277578341.jpg,https://cf.bstatic.com/images/hotel/max500/277/277578341.jpg,1.49828767123288,https://cf.bstatic.com/images/hotel/square60/277/277578341.jpg,https://cf.bstatic.com/images/hotel/max300/277/277578341.jpg,277578341,5,en-us,,,,,Dani�s was extraordinary!,10,1,5853235,2b95ee8dacbfad34,ca,0,,Four Seasons Hotel Madrid,price was exorbitant,ca,0,,Solo traveller,,13329944,solo_traveller,Mike,0,2867478234,location and staff,2022-05-30 23:59:29,0,,,p,,p,,n,,https://lh6.googleusercontent.com/-P2KXa6kDj0c/AAAAAAAAAAI/AAAAAAAAFqQ/qRvYSOsD1yQ/photo.jpg?sz=5064,,,,,,,,,,,,,,,,,,,,,,,,
leisure,2,0,0,585323502,2022-05-21,2022-05-22,Superior Courtyard Room,https://cf.bstatic.com/images/hotel/640x200/277/277578341.jpg,https://cf.bstatic.com/images/hotel/max500/277/277578341.jpg,1.49828767123288,https://cf.bstatic.com/images/hotel/square60/277/277578341.jpg,https://cf.bstatic.com/images/hotel/max300/277/277578341.jpg,277578341,1,es,,,,,no merece la pena,5,1,5853235,6e806b16f7a026ce,es,0,,Four Seasons Hotel Madrid,"el restaurante (desayuno y comida) es p�simo y muy caro. la piscina tampoco es nada del otro mundo, mucho mejor la del Ritz. entraron hasta en 2 ocasiones a nuestra habitaci�n a limpiar sin llamar a la puerta",es,0,,Couple,,127189468,couple,Daniel,2,2989274894,la cama y almohadas. nos dieron una botella de champ�n gratis por la luna de miel,2022-05-22 14:23:35,2,p,n,p,n,,,n,,https://graph.facebook.com/v2.9/10154346098435850/picture?type=square&height=64&width=64,,,,,,,,,,,,,,,,,,,,,,,,
leisure,3.59999990463257,0,0,585323505,2022-04-15,2022-04-18,Deluxe Alcala,https://cf.bstatic.com/images/hotel/640x200/239/239995200.jpg,https://cf.bstatic.com/images/hotel/max500/239/239995200.jpg,1.72109375,https://cf.bstatic.com/images/hotel/square60/239/239995200.jpg,https://cf.bstatic.com/images/hotel/max300/239/239995200.jpg,239995200,3,en-gb,,,,,Beautiful relaxing city break,9,1,5853235,499b54a872ffe8d0,gb,0,,Four Seasons Hotel Madrid,Spa area could have been better given the space.,gb,0,,Couple,,63180662,couple,Alexandre,1,2144105991,"Great staff engagement and service, lovely rooms, sound of street music filtering through in the mornings.",2022-05-21 10:11:46,1,p,,p,n,,,,p,,,,,,,,,,,,,,,,,,,,,,,,,
leisure,4,0,0,585323507,2022-05-04,2022-05-06,Premier King,https://cf.bstatic.com/images/hotel/640x200/277/277578400.jpg,https://cf.bstatic.com/images/hotel/max500/277/277578400.jpg,1.49828767123288,https://cf.bstatic.com/images/hotel/square60/277/277578400.jpg,https://cf.bstatic.com/images/hotel/max300/277/277578400.jpg,277578400,2,es-ar,,,,,La mejor atenci�n,10,1,5853235,b209a702e6f888ad,ar,0,,Four Seasons Hotel Madrid,"nada, todo excelente",ar,0,,Couple,,263417071,couple,Belen,1,3413137085,la atenci�n y las instalaciones son de primer nivel,2022-05-10 21:07:43,1,,,p,p,,,,,https://lh5.googleusercontent.com/-8992ztdShZo/AAAAAAAAAAI/AAAAAAAAADM/4mYj5hBAjXU/s96-c/photo.jpg64,,,,,,,,,,,,,,,,,,,,,,,,
leisure,4,0,0,585323508,2022-04-29,2022-05-07,Premier Terrace Room,https://cf.bstatic.com/images/hotel/640x200/239/239994574.jpg,https://cf.bstatic.com/images/hotel/max500/239/239994574.jpg,1.5,https://cf.bstatic.com/images/hotel/square60/239/239994574.jpg,https://cf.bstatic.com/images/hotel/max300/239/239994574.jpg,239994574,8,es,,,,,Gratitud total.,10,1,5853235,95e7e26f36c64d24,us,0,,Four Seasons Hotel Madrid,"Que no me puedo quedar a vivir ah�, con el favor de Dios he de volver, cada vez que voy quiero m�s. Gracias Four Season.",us,0,,Family,,318744711,family_with_children,Antonio,1,2739330303,"Todo, todo el personal y su magnifica atenci�n es de una filosofia de servicio y calidad, si se quiere sentir confort, atenci�n y mucha clase, estar�s en el lugar preciso, ese es el four season, elegancia, distincion y categor�a, el mejor, cracias a Gaetano, Lorena, Lara, Rafael y su inmejorable servicio, gracias Rafael, que Dios te bendiga tu Don de gente.",2022-05-07 23:04:59,1,,,p,,,p,,p,,,,,,,,,,,,,,,,,,,,,,,,,
leisure,2.40000009536743,0,0,585323503,2022-05-01,2022-05-02,Superior Courtyard Accessible Room,https://cf.bstatic.com/images/hotel/640x200/277/277577698.jpg,https://cf.bstatic.com/images/hotel/max500/277/277577698.jpg,1.49828767123288,https://cf.bstatic.com/images/hotel/square60/277/277577698.jpg,https://cf.bstatic.com/images/hotel/max300/277/277577698.jpg,277577698,1,en-us,,,,,an underwhelming experience for a four seasons hotel,6,1,5853235,cf7a33aa92640a4c,kw,0,,Four Seasons Hotel Madrid,"very underwhelming for a four seasons hotel� we booked a room costing 1,200 Euros, and it was a basic room as in any other standard 5 star hotel, and breakfast wasn�t included even.",kw,0,,Couple,,55140770,couple,Meshari,2,2792881323,"staff were very nice, also the rooftop terrace",2022-05-02 15:23:27,2,n,,p,,p,,n,n,,,,,,,,,,,,,,,,,,,,,,,,,
leisure,4,0,0,585323504,2022-04-28,2022-05-02,Deluxe Sevilla,https://cf.bstatic.com/images/hotel/640x200/400/400579274.jpg,https://cf.bstatic.com/images/hotel/max500/400/400579274.jpg,1.5002143163309,https://cf.bstatic.com/images/hotel/square60/400/400579274.jpg,https://cf.bstatic.com/images/hotel/max300/400/400579274.jpg,400579274,4,en-us,,,,,The most relaxing stay ever with a spotless room and very helpful and nice staff,10,1,5853235,5671c8f4ccfc79ac,es,0,,Four Seasons Hotel Madrid,nothing !,es,0,,Couple,,292658521,couple,Mary,0,3183647294,"Perfect stay , the staff the location , the amenities was amazing . 
so helpful with the places they recommended us to go to",2022-05-02 10:21:38,0,,,p,p,p,,,p,,,,,,,,,,,,,,,,,,,,,,,,,
leisure,4,0,0,585323503,2022-02-18,2022-02-20,Superior Courtyard Accessible Room,https://cf.bstatic.com/images/hotel/640x200/277/277577698.jpg,https://cf.bstatic.com/images/hotel/max500/277/277577698.jpg,1.49828767123288,https://cf.bstatic.com/images/hotel/square60/277/277577698.jpg,https://cf.bstatic.com/images/hotel/max300/277/277577698.jpg,277577698,2,tr,,,,,Exceptional,10,1,5853235,6d5f4c2dcbb4b568,tr,0,,Four Seasons Hotel Madrid,hersey? begend?m,tr,0,,Couple,,208566959,couple,Berna,0,2304696676,konum ve �al??anlar ilgisini,2022-04-29 12:41:38,0,,,p,,p,,,,,,,,,,,,,,,,,,,,,,,,,,,,
business,4,0,0,585323505,2022-04-21,2022-04-24,Deluxe Alcala,https://cf.bstatic.com/images/hotel/640x200/239/239995200.jpg,https://cf.bstatic.com/images/hotel/max500/239/239995200.jpg,1.72109375,https://cf.bstatic.com/images/hotel/square60/239/239995200.jpg,https://cf.bstatic.com/images/hotel/max300/239/239995200.jpg,239995200,3,es,,,,,Great.,10,1,5853235,b476588869be5bb9,es,0,,Four Seasons Hotel Madrid,nada,es,0,,Couple,,62165918,couple,Michael,0,4580413646,todo,2022-04-24 21:19:12,0,,,,,,,,p,https://lh3.googleusercontent.com/-XdUIqdMkCWA/AAAAAAAAAAI/AAAAAAAAAAA/4252rscbv5M/photo.jpg?sz=5064,,,,,,,,,,,,,,,,,,,,,,,,
leisure,4,0,0,585323506,2022-04-10,2022-04-12,Premier Room Double,https://cf.bstatic.com/images/hotel/640x200/277/277578339.jpg,https://cf.bstatic.com/images/hotel/max500/277/277578339.jpg,1.5002143163309,https://cf.bstatic.com/images/hotel/square60/277/277578339.jpg,https://cf.bstatic.com/images/hotel/max300/277/277578339.jpg,277578339,2,en-gb,,,,,"Without any doubt, this is the best place to stay in Madrid.",10,1,5853235,2c0c6e5fab0f49d7,gb,0,,Four Seasons Hotel Madrid,I can�t think of anything negative or anything needing improvement.,gb,0,,Family,,176203568,family_with_children,Lars,0,4579281102,A beautifully refurbished and renovated building in a perfect location.The rooms are very comfortable very nicely decorated and big enough for two people. Staff is super friendly and the service is immaculate. The courtesy car is also very helpful to help you get around. Top notch restaurant at the very top with beautiful views of the city - dont forget to book wells in advance!,2022-04-13 09:28:03,0,p,p,p,p,p,p,,,,,,,,,,,,,,,,,,,,,,,,,,,
leisure,4,0,0,585323502,2022-03-20,2022-03-21,Superior Courtyard Room,https://cf.bstatic.com/images/hotel/640x200/277/277578341.jpg,https://cf.bstatic.com/images/hotel/max500/277/277578341.jpg,1.49828767123288,https://cf.bstatic.com/images/hotel/square60/277/277578341.jpg,https://cf.bstatic.com/images/hotel/max300/277/277578341.jpg,277578341,1,en-gb,,,,,The ultimate in luxury,10,1,5853235,7b86a78eebb19df0,kw,0,,Four Seasons Hotel Madrid,I ordered well poached eggs but received runny eggs !,kw,0,,Solo traveller,,35349592,solo_traveller,Ghadeer,0,4579021548,"I stayed for 1 day in a Superior Courtyard Room (King bed). The location of the hotel is super convenient, it is in a walkable area. My room was super comfortable, quiet and beautiful. Staff were highly professional.  The chat service (iPad) is your info gateway to anything you desire.  Great stay. 

SEE photos",2022-04-10 14:19:57,0,p,n,p,,p,,,p,,,,,,,,,,,,,,,,,,,,,,,,,
leisure,4,0,0,585323502,2022-03-12,2022-03-13,Superior Courtyard Room,https://cf.bstatic.com/images/hotel/640x200/277/277578341.jpg,https://cf.bstatic.com/images/hotel/max500/277/277578341.jpg,1.49828767123288,https://cf.bstatic.com/images/hotel/square60/277/277578341.jpg,https://cf.bstatic.com/images/hotel/max300/277/277578341.jpg,277578341,1,en-us,,,,,Exceptional,10,1,5853235,291babe1c2694fef,sa,0,,Four Seasons Hotel Madrid,Nothing.,sa,0,,Couple,,90220616,couple,Bilal,0,3509055667,"The place was very clean, the room service had great variety and the food was amazing. The most element we enjoyed in the hotel was the staff. They were exceptional in all aspects, from the front desk to the concierge to the bell boys. each member was extremely helpful.",2022-04-07 10:53:14,0,,p,p,,,,,,https://lh3.googleusercontent.com/a/AATXAJwSpFGml9SINQG9LasQqKEncUF3xSJ9Ja97WNP6=s96-c64,,,,,,,,,,,,,,,,,,,,,,,,
leisure,3.59999990463257,0,0,585323502,2022-04-02,2022-04-03,Superior Courtyard Room,https://cf.bstatic.com/images/hotel/640x200/277/277578341.jpg,https://cf.bstatic.com/images/hotel/max500/277/277578341.jpg,1.49828767123288,https://cf.bstatic.com/images/hotel/square60/277/277578341.jpg,https://cf.bstatic.com/images/hotel/max300/277/277578341.jpg,277578341,1,en-gb,,,,,Fabulous,10,1,5853235,20d6a6cfa5bd141e,ro,0,,Four Seasons Hotel Madrid,"The breakfast was ok but nothing special for the charged price. I honestly expected something better. Other FS hotels have better variety for breakfast. You might consider an improvement.
The staff serving at the lobby bar was not at all friendly",ro,0,,Couple,,28351298,couple,Cristian,1,4578621399,The building itself is spectacular. The room was very classy. The reception and welcome staff as well.,2022-04-05 07:32:20,1,,n,p,,,p,,,,,,,,,,,,,,,,,,,,,,,,,,,
leisure,2.79999995231628,0,0,585323501,2022-04-01,2022-04-03,Superior Courtyard  Double Room,https://cf.bstatic.com/images/hotel/640x200/400/400579267.jpg,https://cf.bstatic.com/images/hotel/max500/400/400579267.jpg,1.5002143163309,https://cf.bstatic.com/images/hotel/square60/400/400579267.jpg,https://cf.bstatic.com/images/hotel/max300/400/400579267.jpg,400579267,2,en-gb,,,,,Okish,7,1,5853235,f9f5df82f795943f,gb,0,,Four Seasons Hotel Madrid,"For a five star hotel it was a bit disappointing, 
When you check in, they never explain to you where you can have breakfast, at what time, we find out the hotel had more facilities that we missed out on simply because they can�t be bothered to tell you . The toiletries was similar to a four star. 
I have stayed in so many four seasons, but this one was a bit behind.",gb,0,,Group of friends,,34905440,review_category_group_of_friends,Mataa,0,4578527251,The spa,2022-04-04 09:29:29,0,n,,n,p,,,,n,,,,,,,,,,,,,,,,,,,,,,,,,
business,4,0,0,585323502,2022-03-21,2022-03-23,Superior Courtyard Room,https://cf.bstatic.com/images/hotel/640x200/277/277578341.jpg,https://cf.bstatic.com/images/hotel/max500/277/277578341.jpg,1.49828767123288,https://cf.bstatic.com/images/hotel/square60/277/277578341.jpg,https://cf.bstatic.com/images/hotel/max300/277/277578341.jpg,277578341,2,es,,,,,espectacular,10,1,5853235,29a8eb54f6197602,ma,0,,Four Seasons Hotel Madrid,nada,ma,0,,Solo traveller,,125705196,solo_traveller,Taib,1,3154164026,todo,2022-03-23 21:31:41,1,,,,,,,,p,https://graph.facebook.com/v2.9/10154375747453619/picture?type=square&height=64&width=64,,,,,,,,,,,,,,,,,,,,,,,,
leisure,4,0,0,585323502,2022-03-18,2022-03-21,Superior Courtyard Room,https://cf.bstatic.com/images/hotel/640x200/277/277578341.jpg,https://cf.bstatic.com/images/hotel/max500/277/277578341.jpg,1.49828767123288,https://cf.bstatic.com/images/hotel/square60/277/277578341.jpg,https://cf.bstatic.com/images/hotel/max300/277/277578341.jpg,277578341,3,en-gb,,,,,your best choice in Madrid,10,1,5853235,ad908b15100d816a,hk,0,,Four Seasons Hotel Madrid,nothing,hk,0,,Family,,212018611,family_with_children,Chuan-sheng,0,2660285195,everything,2022-03-22 07:51:32,0,,,,,,,,p,,,,,,,,,,,,,,,,,,,,,,,,,
leisure,3.59999990463257,0,0,585323504,2022-03-03,2022-03-06,Deluxe Sevilla,https://cf.bstatic.com/images/hotel/640x200/400/400579274.jpg,https://cf.bstatic.com/images/hotel/max500/400/400579274.jpg,1.5002143163309,https://cf.bstatic.com/images/hotel/square60/400/400579274.jpg,https://cf.bstatic.com/images/hotel/max300/400/400579274.jpg,400579274,3,en-us,,,,,lovely place,9,1,5853235,4baaf555d5de909b,kw,0,,Four Seasons Hotel Madrid,breakfast,kw,0,,Family,,166797319,family_with_children,Mohammad,0,2403161126,The hotel and the building,2022-03-06 21:33:32,0,,n,,,,p,,,,,,,,,,,,,,,,,,,,,,,,,,,
leisure,3.20000004768372,0,0,585323502,2022-02-25,2022-02-27,Superior Courtyard Room,https://cf.bstatic.com/images/hotel/640x200/277/277578341.jpg,https://cf.bstatic.com/images/hotel/max500/277/277578341.jpg,1.49828767123288,https://cf.bstatic.com/images/hotel/square60/277/277578341.jpg,https://cf.bstatic.com/images/hotel/max300/277/277578341.jpg,277578341,2,es,,,,,"Falto de rodaje, no cumple las espectativas",8,1,5853235,9a17af635f222792,es,0,,Four Seasons Hotel Madrid,Desayuno de pensi�n barata,es,0,,Couple,,348253414,couple,Jose,3,4575989889,"Desayuno pobre y cutre pero muy caro: no es de un 5 estrellas 
El restaurante de Dani Garc�a absolutamente decepcionante 
Le falta rodaje a este hotel 

El four seasons de Lisboa lo supera por goleada",2022-02-28 14:54:40,3,,n,,,,,n,n,,,,,,,,,,,,,,,,,,,,,,,,,
business,4,0,0,585323501,2022-02-14,2022-02-16,Superior Courtyard  Double Room,https://cf.bstatic.com/images/hotel/640x200/400/400579267.jpg,https://cf.bstatic.com/images/hotel/max500/400/400579267.jpg,1.5002143163309,https://cf.bstatic.com/images/hotel/square60/400/400579267.jpg,https://cf.bstatic.com/images/hotel/max300/400/400579267.jpg,400579267,2,es,,,,,Hotel de lujo  que cumple con todas las expectativas,10,1,5853235,235d9c65bfbba250,es,0,,Four Seasons Hotel Madrid,Nada,es,0,,Couple,,295683770,couple,Jesus,0,3845519064,"La atenci�n desde que entras por sus puertas 
lo comido de sus habitaciones camas etc 
  gastronom�a variada 
spa 
y la amabilidad de todo el equipo",2022-02-20 14:58:35,0,p,p,p,p,,,,,https://lh4.googleusercontent.com/-ClAKblR4VCY/AAAAAAAAAAI/AAAAAAAAAAA/AGDgw-jgwQBRtzK3c9JsGqf05J7yl13n4w/s96-c/photo.jpg64,https://cf.bstatic.com/xdata/images/xphoto/square60_ao/146886687.jpg?k=6e92fe22d93a74bdabd980c87e3732773677affe7fb30daf45d02caadf5a4f75&o=,https://cf.bstatic.com/xdata/images/xphoto/square90/146886687.jpg?k=6e92fe22d93a74bdabd980c87e3732773677affe7fb30daf45d02caadf5a4f75&o=,https://cf.bstatic.com/xdata/images/xphoto/max500_ao/146886687.jpg?k=6e92fe22d93a74bdabd980c87e3732773677affe7fb30daf45d02caadf5a4f75&o=,https://cf.bstatic.com/xdata/images/xphoto/max1280x900/146886687.jpg?k=6e92fe22d93a74bdabd980c87e3732773677affe7fb30daf45d02caadf5a4f75&o=,https://cf.bstatic.com/xdata/images/xphoto/square90/146886688.jpg?k=c63a7cd29d0142a3f2575a993e3943bfe292a9b9ed01a84ae4149ec9229ae8a3&o=,https://cf.bstatic.com/xdata/images/xphoto/max500_ao/146886688.jpg?k=c63a7cd29d0142a3f2575a993e3943bfe292a9b9ed01a84ae4149ec9229ae8a3&o=,https://cf.bstatic.com/xdata/images/xphoto/max1280x900/146886688.jpg?k=c63a7cd29d0142a3f2575a993e3943bfe292a9b9ed01a84ae4149ec9229ae8a3&o=,https://cf.bstatic.com/xdata/images/xphoto/square60_ao/146886688.jpg?k=c63a7cd29d0142a3f2575a993e3943bfe292a9b9ed01a84ae4149ec9229ae8a3&o=,https://cf.bstatic.com/xdata/images/xphoto/square60_ao/146886690.jpg?k=1c84545e2c4f3f089810a3dbbd3595dbddc2fb275d5dc5f2cbe0c1479aeb04ff&o=,https://cf.bstatic.com/xdata/images/xphoto/square90/146886690.jpg?k=1c84545e2c4f3f089810a3dbbd3595dbddc2fb275d5dc5f2cbe0c1479aeb04ff&o=,https://cf.bstatic.com/xdata/images/xphoto/max500_ao/146886690.jpg?k=1c84545e2c4f3f089810a3dbbd3595dbddc2fb275d5dc5f2cbe0c1479aeb04ff&o=,https://cf.bstatic.com/xdata/images/xphoto/max1280x900/146886690.jpg?k=1c84545e2c4f3f089810a3dbbd3595dbddc2fb275d5dc5f2cbe0c1479aeb04ff&o=,,,,,,,,,,,,
business,4,0,0,585323502,2022-02-11,2022-02-13,Superior Courtyard Room,https://cf.bstatic.com/images/hotel/640x200/277/277578341.jpg,https://cf.bstatic.com/images/hotel/max500/277/277578341.jpg,1.49828767123288,https://cf.bstatic.com/images/hotel/square60/277/277578341.jpg,https://cf.bstatic.com/images/hotel/max300/277/277578341.jpg,277578341,2,es,,,,,exelecia en toda regla,10,1,5853235,f35549653051ff42,es,0,,Four Seasons Hotel Madrid,nada,es,0,,Couple,,63106686,couple,Elio,0,2858410398,"todo fue fant�stico, si buscas la excelencia es tu hotel, el precio evidentemente va ligado al lujo que te ofrece el hotel desde q llegas .",2022-02-17 15:02:51,0,,,,,,,p,p,,,,,,,,,,,,,,,,,,,,,,,,,
leisure,0.400000005960464,0,0,585323505,2022-02-05,2022-02-06,Deluxe Alcala,https://cf.bstatic.com/images/hotel/640x200/239/239995200.jpg,https://cf.bstatic.com/images/hotel/max500/239/239995200.jpg,1.72109375,https://cf.bstatic.com/images/hotel/square60/239/239995200.jpg,https://cf.bstatic.com/images/hotel/max300/239/239995200.jpg,239995200,1,ru,,,,,Bad,1,1,5853235,3f39b91e67152369,es,0,,Four Seasons Hotel Madrid,"???? ???????? ?? ????? ?????? ?????!
???? ????? ?????? ? 4 ???? ????!",es,0,,Family,,433908061,family_with_children,Agaronyan,0,3828373767,???????? ? ??????,2022-02-06 21:53:40,0,n,,p,,,n,,,https://lh3.googleusercontent.com/a-/AOh14GiCSqDaFxllaQ8AoJZfSmdL49Lq_Nyzs2ypcYhDug=s96-c64,,,,,,,,,,,,,,,,,,,,,,,,
leisure,4,0,0,585323505,2022-02-02,2022-02-05,Deluxe Alcala,https://cf.bstatic.com/images/hotel/640x200/239/239995200.jpg,https://cf.bstatic.com/images/hotel/max500/239/239995200.jpg,1.72109375,https://cf.bstatic.com/images/hotel/square60/239/239995200.jpg,https://cf.bstatic.com/images/hotel/max300/239/239995200.jpg,239995200,3,en-gb,,,,,maravellosa,10,1,5853235,53e23ddad4b9d80d,be,0,,Four Seasons Hotel Madrid,excellent,be,0,,Group of friends,,190497505,review_category_group_of_friends,Manal,0,2404788477,excellent,2022-02-06 14:13:15,0,,,,,,,,p,,,,,,,,,,,,,,,,,,,,,,,,,
leisure,3.20000004768372,0,0,585323503,2022-01-21,2022-01-22,Superior Courtyard Accessible Room,https://cf.bstatic.com/images/hotel/640x200/277/277577698.jpg,https://cf.bstatic.com/images/hotel/max500/277/277577698.jpg,1.49828767123288,https://cf.bstatic.com/images/hotel/square60/277/277577698.jpg,https://cf.bstatic.com/images/hotel/max300/277/277577698.jpg,277577698,1,es,,,,,"muy lindo hotel, bar y restaurante, pero habitaciones no encantadoras",8,1,5853235,526633ab0db17856,mx,0,,Four Seasons Hotel Madrid,no me gust� que las habitaciones te hacen sentir encerrado. Son demasiado peque�as.,mx,0,,Family,,174633230,family_with_children,Giselle,4,4574339285,"el hotel est� en la mejor ubicaci�n de Madrid con un gran restaurante y bar. Hasta aqu� merece 10. es perfecto. 
pero en cuanto a la habitaci�n, es peque�a, que no guarda relaci�n precio tama�o y lo peor, es que me toc� una habitaci�n que ve�a una pared del hotel y el techo, solo asom�ndose se ve�a una construcci�n y parte de la calle, es decir, te hace sentir encerrado.",2022-02-01 17:47:56,4,n,p,,,p,,n,,,,,,,,,,,,,,,,,,,,,,,,,,
leisure,3.59999990463257,0,0,585323502,2022-01-15,2022-01-17,Superior Courtyard Room,https://cf.bstatic.com/images/hotel/640x200/277/277578341.jpg,https://cf.bstatic.com/images/hotel/max500/277/277578341.jpg,1.49828767123288,https://cf.bstatic.com/images/hotel/square60/277/277578341.jpg,https://cf.bstatic.com/images/hotel/max300/277/277578341.jpg,277578341,2,en-gb,,,,,beautiful experience,9,1,5853235,b282c28a74a1bc9d,mt,0,,Four Seasons Hotel Madrid,-,mt,0,,Couple,,0,couple,Jefim,1,2942703602,"friendly service, comfortable location, area, outstanding views, super clean room, amazing spa",2022-01-17 21:23:00,1,,,p,p,p,,,,,,,,,,,,,,,,,,,,,,,,,,,,
leisure,4,0,0,585323503,2022-01-11,2022-01-13,Superior Courtyard Accessible Room,https://cf.bstatic.com/images/hotel/640x200/277/277577698.jpg,https://cf.bstatic.com/images/hotel/max500/277/277577698.jpg,1.49828767123288,https://cf.bstatic.com/images/hotel/square60/277/277577698.jpg,https://cf.bstatic.com/images/hotel/max300/277/277577698.jpg,277577698,2,en-us,,,,,Exceptional,10,1,5853235,3854a6e1c226964a,sa,0,,Four Seasons Hotel Madrid,nothing,sa,0,,Couple,,21232082,couple,Saad,1,2503557603,very nice location and services,2022-01-14 06:52:50,1,,,,p,p,,,,,,,,,,,,,,,,,,,,,,,,,,,,
leisure,3.20000004768372,0,0,585323509,2021-12-29,2022-01-03,Four Seasons Suite ,https://cf.bstatic.com/images/hotel/640x200/277/277578327.jpg,https://cf.bstatic.com/images/hotel/max500/277/277578327.jpg,1.49828767123288,https://cf.bstatic.com/images/hotel/square60/277/277578327.jpg,https://cf.bstatic.com/images/hotel/max300/277/277578327.jpg,277578327,5,de,,,,,Preis-Leistung leider nicht im Verh�ltnis,8,1,5853235,ae099658e17c4b34,de,0,,Four Seasons Hotel Madrid,Die Preise und die unflexibelit�t in Bezug auf Sonderw�nsche,de,0,,Group of friends,,363800401,review_category_group_of_friends,Jan-hendryk,1,4572795869,"Das Essen, die Lage und das nette Personal",2022-01-06 01:57:18,1,,p,p,,p,,n,,,,,,,,,,,,,,,,,,,,,,,,,,
business,3.20000004768372,0,0,585323502,2021-12-29,2022-01-03,Superior Courtyard Room,https://cf.bstatic.com/images/hotel/640x200/277/277578341.jpg,https://cf.bstatic.com/images/hotel/max500/277/277578341.jpg,1.49828767123288,https://cf.bstatic.com/images/hotel/square60/277/277578341.jpg,https://cf.bstatic.com/images/hotel/max300/277/277578341.jpg,277578341,5,de,,,,,Wirklich ein extrem �berteuertes Hotel.,8,1,5853235,144cca2c155aeac7,de,0,,Four Seasons Hotel Madrid,"Die Preise sind leider extrem �berteuert.
Also ein kleiner Kaffe, der leider nie gescheckt hat kostet 9 Euro. 
Ein Tafel Schokolade im Zimmer kostet zwischen20-40 Euro und so ist es bei allen. 
Klar ist es ein Luxus Hotel aber dennoch sollten die Preise im Rahmen sein.",de,0,,Couple,,363800401,couple,Jan-hendryk,1,4572795815,"Das Personal war sehr nett und Omer bem�ht. 
Die Lage ist super und das Spa war auch sehr sch�n",2022-01-06 01:55:04,1,,,p,p,p,,n,,,,,,,,,,,,,,,,,,,,,,,,,,
leisure,3.59999990463257,0,0,585323502,2021-12-30,2022-01-02,Superior Courtyard Room,https://cf.bstatic.com/images/hotel/640x200/277/277578341.jpg,https://cf.bstatic.com/images/hotel/max500/277/277578341.jpg,1.49828767123288,https://cf.bstatic.com/images/hotel/square60/277/277578341.jpg,https://cf.bstatic.com/images/hotel/max300/277/277578341.jpg,277578341,3,en-gb,,,,,A bitter note after a great experience,9,1,5853235,7a9b4041c410d269,bg,0,,Four Seasons Hotel Madrid,"Unfortunately, the courtesy of the staff decreases sharply at the time of leaving the hotel. I had an unpleasant incident on the day I left, on the morning of January 3, 2022. I asked them to take my luggage from the room. After more than 10 minutes of waiting, I decided that apparently no one would show up and I took my suitcases to the reception. No one thought it necessary to even apologize to me and to regret that the bellboy had been obstructed, although there were none at that early hour.  This made a very unpleasant impression on me and gave a negative note to my otherwise magnificent stay.",bg,0,,Solo traveller,,75508448,solo_traveller,Martin,3,4572583551,"- Magnificent, clean and spacious rooms
- Excellent swimming pool and spa
- Quiet and peaceful place, although in the heart of the city",2022-01-03 13:19:24,3,p,,n,p,,,,p,,,,,,,,,,,,,,,,,,,,,,,,,
leisure,3.59999990463257,0,0,585323507,2021-12-16,2021-12-20,Premier King,https://cf.bstatic.com/images/hotel/640x200/277/277578400.jpg,https://cf.bstatic.com/images/hotel/max500/277/277578400.jpg,1.49828767123288,https://cf.bstatic.com/images/hotel/square60/277/277578400.jpg,https://cf.bstatic.com/images/hotel/max300/277/277578400.jpg,277578400,4,fr,,,,,s�jour agr�able au c�ur d�une ville magnifique.,9,1,5853235,2342811bbccbfdfc,ch,0,,Four Seasons Hotel Madrid,Rien,ch,0,,Couple,,2423237,couple,Agnes,0,2862057562,"l�emplacement, la gentillesse et la disponibilit� de tout le personnel.",2021-12-21 08:58:54,0,,,p,,p,,,,,,,,,,,,,,,,,,,,,,,,,,,,
leisure,0.400000005960464,0,0,585323503,2021-11-23,2021-11-25,Superior Courtyard Accessible Room,https://cf.bstatic.com/images/hotel/640x200/277/277577698.jpg,https://cf.bstatic.com/images/hotel/max500/277/277577698.jpg,1.49828767123288,https://cf.bstatic.com/images/hotel/square60/277/277577698.jpg,https://cf.bstatic.com/images/hotel/max300/277/277577698.jpg,277577698,2,en-gb,,,,,Very disappointing,1,1,5853235,f53025bcdb76fac8,gb,0,,Four Seasons Hotel Madrid,The staff I had to report the was work goin on at the hotel noise of drill etc waking you up,gb,0,,Family,,453127104,family_with_children,Melissa,0,4571392440,Was ok came with only one plate though,2021-12-13 12:23:30,0,,,n,,,,,,,,,,,,,,,,,,,,,,,,,,,,,,
leisure,3.59999990463257,0,0,585323505,2021-12-04,2021-12-08,Deluxe Alcala,https://cf.bstatic.com/images/hotel/640x200/239/239995200.jpg,https://cf.bstatic.com/images/hotel/max500/239/239995200.jpg,1.72109375,https://cf.bstatic.com/images/hotel/square60/239/239995200.jpg,https://cf.bstatic.com/images/hotel/max300/239/239995200.jpg,239995200,4,es-mx,,,,,muy bueno    si recomendable,10,1,5853235,b3bff032f317fd06,mx,0,,Four Seasons Hotel Madrid,cobran el desayuno por separado y caro,mx,0,,Family,,13337142,family_with_children,Fernando,0,3427405879,muy bueno pero muy caro,2021-12-08 21:59:40,0,,,,,,,n,p,https://lh3.googleusercontent.com/-XdUIqdMkCWA/AAAAAAAAAAI/AAAAAAAAAAA/4252rscbv5M/photo.jpg?sz=5064,,,,,,,,,,,,,,,,,,,,,,,,
leisure,4,0,0,585323507,2021-12-03,2021-12-07,Premier King,https://cf.bstatic.com/images/hotel/640x200/277/277578400.jpg,https://cf.bstatic.com/images/hotel/max500/277/277578400.jpg,1.49828767123288,https://cf.bstatic.com/images/hotel/square60/277/277578400.jpg,https://cf.bstatic.com/images/hotel/max300/277/277578400.jpg,277578400,4,it,,,,,Exceptional,10,1,5853235,0046221dc9fb576b,it,0,,Four Seasons Hotel Madrid,nulla,it,0,,Family,,0,family_with_children,Tommaso,0,2852547965,posizione e stile,2021-12-08 09:30:09,0,,,,,p,p,,,,,,,,,,,,,,,,,,,,,,,,,,,
leisure,4,0,0,585323510,2021-11-14,2021-11-15,Four Seasons Terrace Suite,https://cf.bstatic.com/images/hotel/640x200/277/277578537.jpg,https://cf.bstatic.com/images/hotel/max500/277/277578537.jpg,1.49828767123288,https://cf.bstatic.com/images/hotel/square60/277/277578537.jpg,https://cf.bstatic.com/images/hotel/max300/277/277578537.jpg,277578537,1,es,,,,,Exceptional,10,1,5853235,75c93eb660d3a42d,us,0,,Four Seasons Hotel Madrid,"Todo excelente, servicio inigualable y gran ambiente.",us,0,,Family,,318744711,family_with_children,Antonio,0,2273124439,"Es hotel de lujo, un hotel de 10 en todo, volver� para disfrutar una estad�a mas larga, sus opciones de comodidad y lujo bien ameritan repetir una y otra vez.",2021-11-16 19:28:02,0,,,p,,p,,,p,,,,,,,,,,,,,,,,,,,,,,,,,
leisure,2.40000009536743,0,0,585323502,2021-10-27,2021-11-01,Superior Courtyard Room,https://cf.bstatic.com/images/hotel/640x200/277/277578341.jpg,https://cf.bstatic.com/images/hotel/max500/277/277578341.jpg,1.49828767123288,https://cf.bstatic.com/images/hotel/square60/277/277578341.jpg,https://cf.bstatic.com/images/hotel/max300/277/277578341.jpg,277578341,5,es,,,,,Decepci�n. Muy lejos de las expectativas dado su precio.,6,1,5853235,64ac8138fcb0e38c,es,0,,Four Seasons Hotel Madrid,Desayuno pobrisimo para el precio que tiene. Servicio atento y numeroso pero poco profesional y poco eficiente.,es,0,,Couple,,4868062,couple,Javier,1,4568519623,La localizaci�n.,2021-11-02 12:01:14,1,,n,n,,p,,,,,,,,,,,,,,,,,,,,,,,,,,,,
leisure,4,0,0,585323507,2021-09-24,2021-09-26,Premier King,https://cf.bstatic.com/images/hotel/640x200/277/277578400.jpg,https://cf.bstatic.com/images/hotel/max500/277/277578400.jpg,1.49828767123288,https://cf.bstatic.com/images/hotel/square60/277/277578400.jpg,https://cf.bstatic.com/images/hotel/max300/277/277578400.jpg,277578400,2,en-gb,,,,1,Outstanding 5 star hotel experience in madrid,10,1,5853235,dd4bdb63346323f3,gb,0,,Four Seasons Hotel Madrid,Nothing,gb,0,,Family,,,family_with_children,Anonymous,0,2214808975,"Luxury,  classy, elegance, outstanding,  amazing, beautiful,  chic, more than perfect.",2021-09-26 12:30:19,0,,,,,,p,,,,,,,,,,,,,,,,,,,,,,,,,,,
leisure,3.59999990463257,0,0,585323502,2021-09-16,2021-09-19,Superior Courtyard Room,https://cf.bstatic.com/images/hotel/640x200/277/277578341.jpg,https://cf.bstatic.com/images/hotel/max500/277/277578341.jpg,1.49828767123288,https://cf.bstatic.com/images/hotel/square60/277/277578341.jpg,https://cf.bstatic.com/images/hotel/max300/277/277578341.jpg,277578341,3,en-gb,,,,,Amazing,9,1,5853235,3dc5410f1e6e5473,ch,0,,Four Seasons Hotel Madrid,The size of the room is smaller than I expected.,ch,0,,Group of friends,,516442373,review_category_group_of_friends,Haonan(andrea),2,4564741468,"Everything, the bed is so comfortable. The staff here are very friendly and welcome.",2021-09-23 20:10:22,2,n,,p,,,,,,,,,,,,,,,,,,,,,,,,,,,,,,
